,train,val
,TCGA-G2-AA3F,TCGA-XF-A9SG
,TCGA-CF-A9FH,TCGA-FD-A3SP
,TCGA-XF-A9T6,TCGA-BT-A3PH
,TCGA-FD-A43X,TCGA-BT-A42F
,TCGA-ZF-A9R3,TCGA-GU-AATO
,TCGA-4Z-AA7O,TCGA-GC-A6I1
,TCGA-FD-A6TA,TCGA-G2-A2EF
,TCGA-FD-A3SO,TCGA-ZF-AA4X
,TCGA-CF-A5UA,TCGA-G2-A2EO
,TCGA-BT-A3PK,TCGA-UY-A78M
,TCGA-CF-A5U8,TCGA-DK-A2I1
,TCGA-FD-A5BZ,TCGA-4Z-AA7Q
,TCGA-E7-A677,TCGA-G2-A2EO
,TCGA-G2-AA3B,TCGA-G2-A2ES
,TCGA-GD-A3OS,TCGA-E7-A8O7
,TCGA-E7-A7DV,TCGA-GD-A2C5
,TCGA-G2-A2EO,TCGA-GC-A3YS
,TCGA-CF-A47Y,TCGA-GV-A6ZA
,TCGA-FD-A6TE,TCGA-ZF-A9RF
,TCGA-LC-A66R,TCGA-2F-A9KP
,TCGA-FD-A6TC,TCGA-FJ-A871
,TCGA-FJ-A871,TCGA-GC-A3RC
,TCGA-E5-A2PC,TCGA-UY-A9PH
,TCGA-YC-A9TC,TCGA-G2-AA3F
,TCGA-4Z-AA87,TCGA-XF-A9SH
,TCGA-GC-A4ZW,TCGA-FD-A5BR
,TCGA-K4-A3WV,TCGA-CU-A5W6
,TCGA-G2-AA3D,TCGA-4Z-AA83
,TCGA-G2-A2EC,TCGA-XF-A8HC
,TCGA-BT-A20W,TCGA-S5-A6DX
,TCGA-G2-AA3F,TCGA-4Z-AA81
,TCGA-5N-A9KI,TCGA-BT-A20R
,TCGA-XF-A9T2,TCGA-BL-A3JM
,TCGA-FD-A5BT,TCGA-G2-AA3B
,TCGA-GV-A3JW,TCGA-ZF-A9RE
,TCGA-DK-A3IU,TCGA-G2-A2EC
,TCGA-XF-AAMX,TCGA-G2-AA3F
,TCGA-ZF-AA5H,TCGA-K4-A6FZ
,TCGA-E7-A4XJ,TCGA-FJ-A871
,TCGA-UY-A9PB,TCGA-K4-AAQO
,TCGA-FD-A6TF,TCGA-E7-A7PW
,TCGA-2F-A9KQ,TCGA-GV-A3JX
,TCGA-G2-A2EO,TCGA-XF-AAMJ
,TCGA-DK-A6B1,TCGA-DK-A3WW
,TCGA-GU-A42Q,TCGA-CF-A47W
,TCGA-FD-A6TK,TCGA-4Z-AA89
,TCGA-GC-A3I6,TCGA-ZF-AA5P
,TCGA-FD-A6TG,TCGA-G2-AA3F
,TCGA-CF-A9FL,TCGA-G2-AA3F
,TCGA-XF-AAN2,TCGA-DK-A1A7
,TCGA-FT-A61P,TCGA-GU-A42Q
,TCGA-4Z-AA7M,TCGA-G2-A3IB
,TCGA-FD-A3N6,TCGA-FT-A3EE
,TCGA-UY-A78L,TCGA-GD-A3OQ
,TCGA-E7-A678,TCGA-XF-AAN5
,TCGA-E7-A7XN,TCGA-YF-AA3M
,TCGA-DK-A3WX,TCGA-G2-A2EJ
,TCGA-GU-A42P,TCGA-G2-AA3F
,TCGA-XF-A9T3,TCGA-CU-A3YL
,TCGA-BT-A2LD,TCGA-2F-A9KT
,TCGA-K4-A54R,TCGA-G2-A2ES
,TCGA-ZF-AA51,TCGA-FD-A6TH
,TCGA-PQ-A6FI,TCGA-ZF-AA4W
,TCGA-G2-A2EC,TCGA-BT-A20O
,TCGA-G2-AA3C,TCGA-H4-A2HQ
,TCGA-XF-AAMG,TCGA-DK-A1A6
,TCGA-BL-A13I,TCGA-DK-A3IL
,TCGA-XF-AAN8,TCGA-CU-A0YN
,TCGA-BL-A0C8,TCGA-G2-A2EL
,TCGA-DK-A3IK,TCGA-GV-A3QH
,TCGA-FD-A5BV,TCGA-BT-A0YX
,TCGA-GV-A40G,TCGA-CF-A7I0
,TCGA-G2-A3IB,TCGA-DK-A1AF
,TCGA-HQ-A2OE,TCGA-C4-A0F7
,TCGA-ZF-A9R5,TCGA-DK-A3IQ
,TCGA-XF-AAMY,TCGA-G2-A2EC
,TCGA-FD-A5BX,TCGA-DK-A6AW
,TCGA-G2-A2EJ,TCGA-YC-A9TC
,TCGA-E7-A5KE,TCGA-BT-A20U
,TCGA-XF-A9T5,TCGA-LT-A5Z6
,TCGA-BT-A42E,TCGA-XF-A9SU
,TCGA-2F-A9KW,TCGA-XF-AAME
,TCGA-G2-A2EL,TCGA-FD-A43N
,TCGA-CU-A0YO,TCGA-XF-A9SJ
,TCGA-K4-A5RH,TCGA-G2-A2EF
,TCGA-G2-A3IB,TCGA-G2-A2EF
,TCGA-DK-A2I4,TCGA-CU-A3KJ
,TCGA-2F-A9KT,TCGA-E7-A6MD
,TCGA-HQ-A5ND,TCGA-XF-AAMT
,TCGA-BL-A5ZZ,TCGA-DK-A3IS
,TCGA-ZF-AA4R,TCGA-UY-A8OD
,TCGA-DK-A3IN,
,TCGA-XF-AAN3,
,TCGA-GU-A42P,
,TCGA-DK-A3IV,
,TCGA-DK-A6B6,
,TCGA-BT-A20J,
,TCGA-G2-A2ES,
,TCGA-K4-A5RI,
,TCGA-S5-AA26,
,TCGA-GU-A764,
,TCGA-CF-A47S,
,TCGA-G2-AA3C,
,TCGA-GD-A3OP,
,TCGA-G2-A2EC,
,TCGA-FD-A62S,
,TCGA-2F-A9KR,
,TCGA-LT-A8JT,
,TCGA-G2-AA3B,
,TCGA-CF-A9FF,
,TCGA-XF-AAMQ,
,TCGA-G2-AA3F,
,TCGA-FD-A43U,
,TCGA-FD-A62P,
,TCGA-CF-A3MH,
,TCGA-G2-A2EJ,
,TCGA-FD-A5BY,
,TCGA-GU-A766,
,TCGA-BT-A20P,
,TCGA-G2-A2EK,
,TCGA-DK-A1AD,
,TCGA-G2-A2ES,
,TCGA-UY-A8OC,
,TCGA-G2-A3IE,
,TCGA-2F-A9KP,
,TCGA-GD-A76B,
,TCGA-C4-A0F6,
,TCGA-C4-A0F1,
,TCGA-E5-A4U1,
,TCGA-G2-A2EC,
,TCGA-BT-A0S7,
,TCGA-HQ-A2OF,
,TCGA-BL-A13I,
,TCGA-CF-A47X,
,TCGA-XF-A9SP,
,TCGA-BT-A20T,
,TCGA-BT-A3PJ,
,TCGA-CF-A9FM,
,TCGA-4Z-AA7N,
,TCGA-CF-A3MI,
,TCGA-G2-A2EO,
,TCGA-FD-A3SL,
,TCGA-ZF-AA58,
,TCGA-E7-A519,
,TCGA-DK-A3X1,
,TCGA-ZF-A9RG,
,TCGA-GC-A3RD,
,TCGA-DK-A6AV,
,TCGA-XF-A9SZ,
,TCGA-XF-AAN4,
,TCGA-G2-A2ES,
,TCGA-ZF-A9R0,
,TCGA-FJ-A3Z7,
,TCGA-ZF-AA53,
,TCGA-DK-A3WY,
,TCGA-GC-A3WC,
,TCGA-E7-A6MF,
,TCGA-FD-A3SN,
,TCGA-G2-A2EJ,
,TCGA-G2-A3VY,
,TCGA-E7-A8O8,
,TCGA-FD-A3SS,
,TCGA-FD-A6TI,
,TCGA-CF-A1HR,
,TCGA-FD-A3B3,
,TCGA-XF-A9SW,
,TCGA-C4-A0F0,
,TCGA-FJ-A3Z9,
,TCGA-GC-A3BM,
,TCGA-GU-AATP,
,TCGA-XF-A9SY,
,TCGA-K4-A83P,
,TCGA-E7-A3Y1,
,TCGA-XF-AAML,
,TCGA-FJ-A3ZF,
,TCGA-G2-A2EK,
,TCGA-FD-A3NA,
,TCGA-XF-A8HI,
,TCGA-G2-A2EJ,
,TCGA-XF-A8HH,
,TCGA-FD-A3N5,
,TCGA-K4-A6MB,
,TCGA-DK-A6B5,
,TCGA-DK-A1AA,
,TCGA-GC-A3OO,
,TCGA-XF-A8HG,
,TCGA-SY-A9G5,
,TCGA-E7-A6ME,
,TCGA-G2-AA3F,
,TCGA-K4-A5RJ,
,TCGA-G2-A2EO,
,TCGA-ZF-AA4V,
,TCGA-GV-A3QG,
,TCGA-4Z-AA7R,
,TCGA-BL-A13J,
,TCGA-FD-A3B5,
,TCGA-XF-AAMW,
,TCGA-E5-A4TZ,
,TCGA-FD-A62N,
,TCGA-DK-A6B2,
,TCGA-FD-A3SQ,
,TCGA-DK-A2HX,
,TCGA-GV-A3QK,
,TCGA-DK-A2I2,
,TCGA-DK-A3X2,
,TCGA-CF-A27C,
,TCGA-4Z-AA82,
,TCGA-XF-AAN0,
,TCGA-YC-A8S6,
,TCGA-ZF-A9R1,
,TCGA-E7-A4IJ,
,TCGA-E7-A85H,
,TCGA-FD-A3B7,
,TCGA-XF-AAMZ,
,TCGA-G2-A2EK,
,TCGA-FD-A43Y,
,TCGA-GV-A40E,
,TCGA-FD-A43S,
,TCGA-E7-A541,
,TCGA-UY-A9PA,
,TCGA-G2-A3IB,
,TCGA-XF-A8HF,
,TCGA-5N-A9KM,
,TCGA-FD-A62O,
,TCGA-FD-A5C1,
,TCGA-ZF-A9RD,
,TCGA-CF-A47T,
,TCGA-ZF-A9RL,
,TCGA-XF-A9SX,
,TCGA-FD-A3SJ,
,TCGA-GU-A42R,
,TCGA-FD-A3SR,
,TCGA-XF-A9T8,
,TCGA-G2-A2EO,
,TCGA-ZF-AA5N,
,TCGA-K4-A3WS,
,TCGA-GU-A762,
,TCGA-XF-AAN1,
,TCGA-E7-A3X6,
,TCGA-CF-A8HY,
,TCGA-XF-A9SL,
,TCGA-GV-A3JV,
,TCGA-XF-A8HE,
,TCGA-GU-A767,
,TCGA-G2-A2EJ,
,TCGA-G2-A2EF,
,TCGA-4Z-AA7S,
,TCGA-G2-A2EJ,
,TCGA-DK-A1AE,
,TCGA-XF-AAMR,
,TCGA-CF-A3MF,
,TCGA-BL-A5ZZ,
,TCGA-XF-AAMF,
,TCGA-GC-A6I3,
,TCGA-UY-A9PE,
,TCGA-FD-A43P,
,TCGA-C4-A0EZ,
,TCGA-2F-A9KW,
,TCGA-CF-A47V,
,TCGA-CU-A0YR,
,TCGA-ZF-AA4T,
,TCGA-XF-A9SI,
,TCGA-ZF-AA54,
,TCGA-BT-A42C,
,TCGA-FD-A6TD,
,TCGA-GV-A3JZ,
,TCGA-DK-A3IM,
,TCGA-4Z-AA80,
,TCGA-XF-A9SV,
,TCGA-UY-A8OB,
,TCGA-PQ-A6FN,
,TCGA-FJ-A3Z7,
,TCGA-G2-A2EC,
,TCGA-ZF-A9R7,
,TCGA-FD-A3B4,
,TCGA-FJ-A3Z7,
,TCGA-G2-A2ES,
,TCGA-UY-A78P,
,TCGA-4Z-AA7Y,
,TCGA-FJ-A871,
,TCGA-G2-A2ES,
,TCGA-FD-A3B8,
,TCGA-FJ-A3Z7,
,TCGA-FJ-A3ZE,
,TCGA-ZF-A9R2,
,TCGA-4Z-AA84,
,TCGA-SY-A9G0,
,TCGA-BL-A13J,
,TCGA-2F-A9KO,
,TCGA-DK-A1AB,
,TCGA-DK-A3IT,
,TCGA-FD-A6TB,
,TCGA-FJ-A871,
,TCGA-G2-A3IE,
,TCGA-CF-A8HX,
,TCGA-E7-A5KF,
,TCGA-FD-A5C0,
,TCGA-GD-A6C6,
,TCGA-BT-A42B,
,TCGA-DK-A1AC,
,TCGA-DK-A6B0,
,TCGA-G2-AA3B,
,TCGA-GU-A42R,
,TCGA-XF-A8HD,
,TCGA-XF-AAMH,
,TCGA-DK-A2I6,
,TCGA-K4-A4AB,
,TCGA-XF-A9SM,
,TCGA-ZF-A9R4,
,TCGA-4Z-AA86,
,TCGA-E7-A97Q,
,TCGA-G2-A2EJ,
,TCGA-FJ-A3ZE,
,TCGA-ZF-AA4U,
,TCGA-G2-AA3B,
,TCGA-4Z-AA7W,
,TCGA-UY-A9PF,
,TCGA-ZF-AA52,
,TCGA-BT-A20N,
,TCGA-XF-A9T0,
,TCGA-XF-A9T4,
,TCGA-UY-A9PD,
,TCGA-ZF-A9RC,
,TCGA-ZF-A9RN,
,TCGA-GC-A3RB,
,TCGA-YF-AA3L,
,TCGA-XF-A9SK,
,TCGA-E7-A97P,
,TCGA-BT-A2LB,
,TCGA-UY-A78O,
,TCGA-FD-A3B6,
,TCGA-BL-A0C8,
,TCGA-XF-AAN7,
,TCGA-XF-A8HB,
,TCGA-ZF-A9R9,
,TCGA-ZF-AA4N,
,TCGA-GV-A3QF,
,TCGA-UY-A78K,
,TCGA-GU-A763,
,TCGA-BT-A2LA,
,TCGA-ZF-A9RM,
,TCGA-FD-A3SM,
,TCGA-CF-A3MG,
,TCGA-FD-A5BU,
,TCGA-YC-A89H,
,TCGA-H4-A2HO,
,TCGA-K4-A3WU,
,TCGA-GV-A3QI,
,TCGA-DK-A1A5,
,TCGA-XF-A9ST,
,TCGA-E7-A7DU,
,TCGA-FJ-A3Z7,
,TCGA-K4-A4AC,
,TCGA-CF-A1HS,
,TCGA-G2-A2EO,
,TCGA-FJ-A3Z7,
,TCGA-BT-A20Q,
,TCGA-CU-A72E,
,TCGA-G2-A2EC,
,TCGA-FD-A5BS,
,TCGA-DK-A1AG,
,TCGA-UY-A78N,
,TCGA-DK-A1A3,
,TCGA-GU-AATQ,
